Airline,total_flights,delayed_flights,delay_pct,avg_distance_miles,avg_speed_mph
WN,94097,65657.0,69.78,655.8,311.2
DL,60940,27452.0,45.05,908.0,319.4
OO,50254,22760.0,45.29,449.2,258.3
AA,45656,17736.0,38.85,1065.9,350.6
MQ,36605,12742.0,34.81,495.7,268.6
CO,21118,11957.0,56.62,1232.4,361.0
XE,31126,11795.0,37.89,557.3,291.5
US,34500,11591.0,33.6,854.7,314.6
EV,27983,11255.0,40.22,388.2,239.4
UA,27619,8946.0,32.39,1183.9,347.5
B6,18112,8459.0,46.7,1070.7,inf
9E,20686,8226.0,39.77,393.7,231.5
AS,11471,3892.0,33.93,1097.3,356.0
OH,12630,3502.0,27.73,462.1,239.4
YV,13725,3334.0,24.29,395.8,245.1
F9,6456,2899.0,44.9,941.7,inf
HA,5578,1786.0,32.02,577.8,248.9
