DayOfWeek,dep_hour,total_flights,delayed_flights,delay_rate_pct
1,0.0,122,51.0,41.8
1,1.0,48,24.0,50.0
1,2.0,12,4.0,33.33
1,4.0,14,6.0,42.86
1,5.0,669,169.0,25.26
1,6.0,5244,1450.0,27.65
1,7.0,4871,1624.0,33.34
1,8.0,4832,1825.0,37.77
1,9.0,4380,1993.0,45.5
1,10.0,4364,2091.0,47.91
1,11.0,4715,2259.0,47.91
1,12.0,4222,2084.0,49.36
1,13.0,4530,2286.0,50.46
1,14.0,4352,2270.0,52.16
1,15.0,4163,2249.0,54.02
1,16.0,4457,2427.0,54.45
1,17.0,4808,2652.0,55.16
1,18.0,3954,2128.0,53.82
1,19.0,4374,2357.0,53.89
1,20.0,2769,1625.0,58.69
1,21.0,2009,1009.0,50.22
1,22.0,836,363.0,43.42
1,23.0,263,113.0,42.97
2,0.0,94,43.0,45.74
2,1.0,46,16.0,34.78
2,2.0,12,7.0,58.33
2,4.0,12,5.0,41.67
2,5.0,656,169.0,25.76
2,6.0,5155,1451.0,28.15
2,7.0,4786,1615.0,33.74
2,8.0,4717,1802.0,38.2
2,9.0,4279,1850.0,43.23
2,10.0,4235,1933.0,45.64
2,11.0,4582,2115.0,46.16
2,12.0,4150,1997.0,48.12
2,13.0,4484,2146.0,47.86
2,14.0,4302,2113.0,49.12
2,15.0,4133,2094.0,50.67
2,16.0,4429,2264.0,51.12
2,17.0,4718,2369.0,50.21
2,18.0,3873,2027.0,52.34
2,19.0,4333,2229.0,51.44
2,20.0,2736,1458.0,53.29
2,21.0,1936,923.0,47.68
2,22.0,807,343.0,42.5
2,23.0,246,103.0,41.87
3,0.0,104,53.0,50.96
3,1.0,52,23.0,44.23
3,2.0,11,5.0,45.45
3,4.0,14,6.0,42.86
3,5.0,813,183.0,22.51
3,6.0,6454,1805.0,27.97
3,7.0,5997,1954.0,32.58
3,8.0,5869,2207.0,37.6
3,9.0,5335,2305.0,43.21
3,10.0,5300,2462.0,46.45
3,11.0,5726,2760.0,48.2
3,12.0,5193,2616.0,50.38
3,13.0,5639,2891.0,51.27
3,14.0,5363,2849.0,53.12
3,15.0,5192,2867.0,55.22
3,16.0,5558,3098.0,55.74
3,17.0,5992,3270.0,54.57
3,18.0,4913,2861.0,58.23
3,19.0,5502,2992.0,54.38
3,20.0,3463,1988.0,57.41
3,21.0,2563,1343.0,52.4
3,22.0,1113,458.0,41.15
3,23.0,312,148.0,47.44
4,0.0,141,75.0,53.19
4,1.0,56,20.0,35.71
4,2.0,14,6.0,42.86
4,4.0,15,5.0,33.33
4,5.0,831,185.0,22.26
4,6.0,6528,1700.0,26.04
4,7.0,6073,1879.0,30.94
4,8.0,6017,2115.0,35.15
4,9.0,5468,2162.0,39.54
4,10.0,5446,2424.0,44.51
4,11.0,5870,2585.0,44.04
4,12.0,5315,2474.0,46.55
4,13.0,5684,2770.0,48.73
4,14.0,5443,2792.0,51.3
4,15.0,5250,2786.0,53.07
4,16.0,5589,3022.0,54.07
4,17.0,6038,3322.0,55.02
4,18.0,4984,2785.0,55.88
4,19.0,5578,3115.0,55.84
4,20.0,3533,2023.0,57.26
4,21.0,2601,1411.0,54.25
4,22.0,1162,472.0,40.62
4,23.0,352,152.0,43.18
5,0.0,150,63.0,42.0
5,1.0,60,30.0,50.0
5,2.0,16,7.0,43.75
5,4.0,18,8.0,44.44
5,5.0,830,175.0,21.08
5,6.0,6095,1449.0,23.77
5,7.0,5864,1642.0,28.0
5,8.0,5934,1990.0,33.54
5,9.0,5403,2060.0,38.13
5,10.0,5385,2354.0,43.71
5,11.0,5858,2560.0,43.7
5,12.0,5224,2398.0,45.9
5,13.0,5472,2611.0,47.72
5,14.0,5291,2600.0,49.14
5,15.0,4961,2538.0,51.16
5,16.0,5130,2600.0,50.68
5,17.0,5344,2648.0,49.55
5,18.0,4232,2140.0,50.57
5,19.0,4547,2263.0,49.77
5,20.0,2739,1377.0,50.27
5,21.0,1974,852.0,43.16
5,22.0,957,323.0,33.75
5,23.0,313,125.0,39.94
6,0.0,99,50.0,50.51
6,1.0,40,11.0,27.5
6,2.0,12,5.0,41.67
6,4.0,14,5.0,35.71
6,5.0,510,114.0,22.35
6,6.0,3865,882.0,22.82
6,7.0,3965,1065.0,26.86
6,8.0,4214,1280.0,30.37
6,9.0,3904,1432.0,36.68
6,10.0,3866,1597.0,41.31
6,11.0,4260,1802.0,42.3
6,12.0,3911,1718.0,43.93
6,13.0,3884,1727.0,44.46
6,14.0,3839,1814.0,47.25
6,15.0,3558,1683.0,47.3
6,16.0,3576,1739.0,48.63
6,17.0,3669,1768.0,48.19
6,18.0,2824,1402.0,49.65
6,19.0,2767,1268.0,45.83
6,20.0,1478,678.0,45.87
6,21.0,1133,440.0,38.83
6,22.0,725,285.0,39.31
6,23.0,241,95.0,39.42
7,0.0,92,43.0,46.74
7,1.0,44,12.0,27.27
7,2.0,12,6.0,50.0
7,4.0,12,5.0,41.67
7,5.0,468,129.0,27.56
7,6.0,4007,1079.0,26.93
7,7.0,4108,1223.0,29.77
7,8.0,4442,1490.0,33.54
7,9.0,4142,1652.0,39.88
7,10.0,4234,1820.0,42.99
7,11.0,4628,2079.0,44.92
7,12.0,4215,2032.0,48.21
7,13.0,4413,2192.0,49.67
7,14.0,4325,2251.0,52.05
7,15.0,4133,2155.0,52.14
7,16.0,4446,2376.0,53.44
7,17.0,4818,2526.0,52.43
7,18.0,4032,2148.0,53.27
7,19.0,4417,2323.0,52.59
7,20.0,2865,1589.0,55.46
7,21.0,2120,1069.0,50.42
7,22.0,935,436.0,46.63
7,23.0,302,126.0,41.72
