Airline,total_flights,delayed_flights,delay_rate_pct,avg_length_mins,avg_distance_miles,avg_speed_mph,avg_dep_time_mins
WN,94097,65657.0,69.78,117.5,655.8,311.2,802.3
DL,60940,27452.0,45.05,157.5,908.0,319.4,799.6
OO,50254,22760.0,45.29,93.6,449.2,258.3,811.2
AA,45656,17736.0,38.85,172.3,1065.9,350.6,800.8
MQ,36605,12742.0,34.81,103.8,495.7,268.6,791.5
US,34500,11591.0,33.6,147.0,854.7,314.6,805.1
XE,31126,11795.0,37.89,109.1,557.3,291.5,792.1
EV,27983,11255.0,40.22,91.4,388.2,239.4,799.8
UA,27619,8946.0,32.39,189.8,1183.9,347.5,797.7
CO,21118,11957.0,56.62,193.5,1232.4,361.0,790.4
9E,20686,8226.0,39.77,96.7,393.7,231.5,792.2
B6,18112,8459.0,46.7,171.7,1070.7,inf,825.5
YV,13725,3334.0,24.29,88.9,395.8,245.1,832.3
OH,12630,3502.0,27.73,109.3,462.1,239.4,793.0
AS,11471,3892.0,33.93,171.5,1097.3,356.0,796.7
F9,6456,2899.0,44.9,151.4,941.7,inf,807.1
HA,5578,1786.0,32.02,93.8,577.8,248.9,795.2
