AirportFrom,AirportTo,flight_volume,delayed_flights,delay_rate_pct,avg_length_mins,distance_miles,distance_km,avg_speed_mph
LAX,SFO,1079,598.0,55.42,83.5,337.5,543.2,244.2
SFO,LAX,1077,572.0,53.11,85.4,337.5,543.2,238.8
OGG,HNL,982,220.0,22.4,33.3,100.6,161.8,181.1
HNL,OGG,951,268.0,28.18,36.7,100.6,161.8,164.8
SAN,LAX,935,351.0,37.54,45.8,109.2,175.7,143.5
LAX,SAN,935,384.0,41.07,46.2,109.2,175.7,142.1
LAX,LAS,928,482.0,51.94,67.2,236.3,380.2,212.4
LAS,LAX,928,447.0,48.17,69.7,236.3,380.2,204.3
LGA,ORD,874,329.0,37.64,161.7,731.4,1177.1,271.9
ORD,LGA,842,376.0,44.66,127.1,731.4,1177.1,345.9
JFK,LAX,812,300.0,36.95,382.7,2469.5,3974.2,387.4
LAX,JFK,812,316.0,38.92,320.6,2469.5,3974.2,462.5
BOS,LGA,795,160.0,20.13,76.8,184.4,296.7,144.4
LGA,BOS,795,151.0,18.99,69.6,184.4,296.7,159.6
BOS,DCA,785,225.0,28.66,100.6,398.6,641.5,238.8
DCA,BOS,781,211.0,27.02,88.1,398.6,641.5,272.9
DEN,LAX,776,372.0,47.94,153.3,860.7,1385.1,337.4
LAX,DEN,768,368.0,47.92,139.5,860.7,1385.1,370.7
PHX,LAS,747,343.0,45.92,68.9,255.6,411.4,223.3
LAS,PHX,744,353.0,47.45,69.3,255.6,411.4,221.9
HNL,LIH,714,210.0,29.41,36.8,101.5,163.4,165.4
DAL,HOU,701,477.0,68.05,61.7,239.9,386.1,233.4
HOU,DAL,698,451.0,64.61,57.3,239.9,386.1,251.6
PHX,DEN,684,300.0,43.86,107.4,601.5,968.1,336.3
LIH,HNL,683,200.0,29.28,30.3,101.5,163.4,201.2
DEN,PHX,682,338.0,49.56,117.6,601.5,968.1,307.7
SLC,DEN,681,340.0,49.93,87.7,390.0,627.7,267.7
LGA,ATL,679,250.0,36.82,162.5,761.1,1224.9,281.4
ATL,LGA,678,304.0,44.84,136.5,761.1,1224.9,335.5
HNL,KOA,667,193.0,28.94,42.2,163.5,263.1,233.5
KOA,HNL,667,150.0,22.49,41.5,163.5,263.1,236.7
ATL,ORD,647,294.0,45.44,127.5,606.7,976.3,286.3
DEN,SLC,647,383.0,59.2,91.6,390.0,627.7,256.1
ATL,DFW,646,227.0,35.14,151.9,729.8,1174.5,288.5
DFW,ATL,646,250.0,38.7,124.5,729.8,1174.5,352.0
DEN,LAS,632,313.0,49.53,118.8,627.1,1009.2,317.1
LAS,DEN,623,260.0,41.73,113.3,627.1,1009.2,332.4
LAX,PHX,613,338.0,55.14,78.4,369.7,594.9,283.4
PHX,LAX,611,309.0,50.57,84.9,369.7,594.9,261.8
EWR,ORD,610,238.0,39.02,161.1,717.4,1154.5,267.7
ORD,ATL,595,337.0,56.64,122.4,606.7,976.3,297.9
LAX,ORD,592,241.0,40.71,242.5,1741.2,2802.1,430.9
DCA,ORD,582,160.0,27.49,129.3,610.6,982.6,283.5
ORD,DCA,582,195.0,33.51,107.6,610.6,982.6,340.8
ORD,EWR,580,286.0,49.31,132.6,717.4,1154.5,326.0
DFW,ORD,579,251.0,43.35,137.6,802.0,1290.6,350.1
ORD,PHL,575,241.0,41.91,119.3,676.3,1088.3,340.6
ITO,HNL,573,157.0,27.4,48.5,216.4,348.3,267.9
HNL,ITO,573,164.0,28.62,50.2,216.4,348.3,258.5
PHL,ORD,571,226.0,39.58,145.0,676.3,1088.3,280.3
ORD,LAX,569,333.0,58.52,271.0,1741.2,2802.1,385.7
ORD,MSP,567,266.0,46.91,91.5,333.7,537.0,219.2
BOS,PHL,567,175.0,30.86,98.5,279.7,450.1,171.0
ORD,DFW,565,340.0,60.18,152.9,802.0,1290.6,314.9
PHL,BOS,563,194.0,34.46,80.8,279.7,450.1,208.9
DEN,DFW,563,175.0,31.08,116.3,641.3,1032.1,331.5
SJC,LAX,562,326.0,58.01,73.3,308.0,495.7,252.5
LAX,SJC,560,278.0,49.64,69.5,308.0,495.7,267.4
CLT,ATL,555,202.0,36.4,83.8,226.5,364.6,163.0
ATL,CLT,555,189.0,34.05,77.9,226.5,364.6,175.8
SFO,JFK,554,196.0,35.38,333.5,2579.8,4151.8,464.4
JFK,SFO,554,223.0,40.25,401.3,2579.8,4151.8,385.9
BOS,JFK,548,196.0,35.77,80.4,186.6,300.2,141.4
DFW,DEN,547,180.0,32.91,124.7,641.3,1032.1,308.9
JFK,BOS,545,198.0,36.33,78.3,186.6,300.2,146.1
DFW,LAX,545,309.0,56.7,203.0,1232.3,1983.2,364.3
LAX,DFW,544,189.0,34.74,179.1,1232.3,1983.2,413.5
MSP,DEN,523,263.0,50.29,130.8,678.8,1092.4,inf
SAN,PHX,522,284.0,54.41,73.5,304.0,489.2,249.0
ATL,MIA,522,211.0,40.42,117.3,595.9,959.1,306.0
MIA,ATL,522,191.0,36.59,122.2,595.9,959.1,292.8
PHX,SAN,521,295.0,56.62,70.5,304.0,489.2,259.6
JFK,MCO,519,238.0,45.86,179.2,945.3,1521.3,317.1
SFO,LAS,519,268.0,51.64,92.4,413.1,664.8,269.7
MCO,JFK,518,233.0,44.98,150.3,945.3,1521.3,378.3
LAS,SFO,517,277.0,53.58,98.3,413.1,664.8,252.9
EWR,ATL,516,253.0,49.03,156.1,745.2,1199.3,287.0
ATL,EWR,511,240.0,46.97,137.3,745.2,1199.3,326.4
BOS,ORD,508,165.0,32.48,173.6,864.4,1391.1,299.1
ORD,BOS,505,218.0,43.17,133.9,864.4,1391.1,387.6
IAH,ORD,504,272.0,53.97,154.1,926.3,1490.7,360.9
PHX,SLC,504,261.0,51.79,99.0,507.9,817.3,308.1
SLC,PHX,503,294.0,58.45,99.5,507.9,817.3,306.5
ORD,IAH,502,323.0,64.34,165.4,926.3,1490.7,336.1
SAN,SFO,501,281.0,56.09,97.3,446.7,718.9,276.5
